dataset,ratio,projector,m,n,k,runs,optimal_count,limit_count,infeasible_count,unbounded_count,error_count,raw_available,raw_accepted,dual_available,dual_accepted,primal_available,primal_accepted,ray_verified,original_solve_s_count,original_solve_s_mean,original_solve_s_sd,sample_s_count,sample_s_mean,sample_s_sd,multiply_s_count,multiply_s_mean,multiply_s_sd,projected_solve_s_count,projected_solve_s_mean,projected_solve_s_sd,projected_total_s_count,projected_total_s_mean,projected_total_s_sd,projected_density_count,projected_density_mean,projected_density_sd,projected_matrix_bytes_count,projected_matrix_bytes_mean,projected_matrix_bytes_sd,projector_bytes_count,projector_bytes_mean,projector_bytes_sd,raw_feas_count,raw_feas_mean,raw_feas_sd,raw_obj_gap_count,raw_obj_gap_mean,raw_obj_gap_sd,dual_feas_count,dual_feas_mean,dual_feas_sd,dual_neg_count,dual_neg_mean,dual_neg_sd,dual_obj_gap_count,dual_obj_gap_mean,dual_obj_gap_sd,primal_feas_count,primal_feas_mean,primal_feas_sd,primal_neg_count,primal_neg_mean,primal_neg_sd,primal_obj_gap_count,primal_obj_gap_mean,primal_obj_gap_sd,dual_total_s_count,dual_total_s_mean,dual_total_s_sd,primal_total_s_count,primal_total_s_mean,primal_total_s_sd
adlittle,0.5,gaussian,56,138,28,10,4,0,0,6,0,4,0,0,0,4,0,6,10,0.0013467167038470507,9.631631987024904e-05,10,2.4141615722328424e-05,4.286466273404591e-06,10,2.8933287831023334e-05,4.768393007092705e-06,10,0.002334020793205127,0.00015286255191671773,10,0.0023870956967584787,0.00015196673528816487,10,1.0,0.0,10,30912.0,0.0,10,12544.0,0.0,4,2.3453750343545177,0.8875621609413944,4,17.684482822665746,11.582185187852424,0,,,0,,,0,,,4,0.09993911513941071,0.08114979422476352,4,0.4755314104414907,0.19876085978776012,4,0.27464040854881755,0.2593757740381728,4,0.002593562239781022,0.0003154605956453307,4,0.0026297500007785857,0.0001709447597502712
adlittle,0.5,sparse,56,138,28,10,3,0,0,7,0,3,0,0,0,3,0,7,10,0.0013467167038470507,9.631631987024904e-05,10,7.838340243324638e-05,8.578146085956833e-06,10,8.942900458350778e-05,9.618943645442745e-05,10,0.00215449589304626,0.00012778295609576636,10,0.002322308300063014,0.0002067768890125816,10,0.6159937888198758,0.008188312005039736,10,28678.4,379.67565104968213,10,6482.0,145.24462124292245,3,35.696219658047966,55.187036749851075,3,51.85306300171825,39.85821106493287,0,,,0,,,0,,,3,0.08891519239143197,0.05008842697514017,3,0.28117670920131493,0.07487880761108934,3,0.8598297223091725,0.6906995884373397,3,0.0022938326971294978,8.420932375568092e-05,3,0.002387860654077182,7.228012371086008e-05
adlittle,0.5,countsketch,56,138,28,10,0,0,0,10,0,0,0,0,0,0,0,10,10,0.0013467167038470507,9.631631987024904e-05,10,0.00010397119331173599,0.00012859943933368471,10,2.9046006966382264e-05,6.493364139484136e-06,10,0.000949924805900082,0.00011033683627955457,10,0.0010829420061782002,0.00024073323914356725,10,0.09927536231884057,0.0030406914216784273,10,4719.2,140.99077984038533,10,788.0,0.0,0,,,0,,,0,,,0,,,0,,,0,,,0,,,0,,,0,,,0,,
adlittle,0.75,gaussian,56,138,42,10,10,0,0,0,0,10,0,0,0,10,0,0,10,0.0014051583944819867,9.772305369268517e-05,10,2.5633402401581407e-05,3.0712899051216253e-06,10,3.4725095611065625e-05,4.720616555038754e-06,10,0.0034691128006670625,0.0001530895852843534,10,0.0035294712986797096,0.00015233678440619244,10,1.0,0.0,10,46368.0,0.0,10,18816.0,0.0,10,0.2876717908190719,0.11602884019136299,10,2.156372475242654,0.9881332359081437,0,,,0,,,0,,,10,0.01775358298360106,0.007027062133361585,10,0.2823399489432446,0.15050112371280647,10,80314887.52505666,252803521.3385693,10,0.0036299878964200618,0.00015542158876376174,10,0.003761366888647899,0.00016032447281162757
adlittle,0.75,sparse,56,138,42,10,10,0,0,0,0,10,0,0,0,10,0,0,10,0.0014051583944819867,9.772305369268517e-05,10,9.728758595883846e-05,1.5605655774174238e-05,10,7.303760503418744e-05,8.783660746699253e-06,10,0.0033767914981581272,0.00029849831088880137,10,0.003547116689151153,0.00030752101199008904,10,0.6096273291925467,0.01187797668848799,10,42572.8,826.1370346377167,10,9608.8,221.5725614781758,10,0.30879974788232717,0.24890651010296116,10,1.8572412863897707,1.5215734071514884,0,,,0,,,0,,,10,0.015382249553428557,0.006736117772884199,10,0.4775412042517876,0.11022099917074595,10,8138857158.2353,23327906176.60033,10,0.0036712207889650016,0.00031827576645988376,10,0.0037841166835278273,0.0003040400082251563
adlittle,0.75,countsketch,56,138,42,10,1,0,0,9,0,1,0,0,0,1,0,9,10,0.0014051583944819867,9.772305369268517e-05,10,7.668739999644458e-05,8.71676144631996e-06,10,2.925819717347622e-05,2.300722740958264e-06,10,0.001106412598164752,0.00010340543849371525,10,0.0012123581953346729,0.00010993154780906217,10,0.06989302967563836,0.0017490320115702473,10,5033.2,121.64867446873394,10,844.0,0.0,1,1.4974832139944645,0.0,1,7.443132748860966,0.0,0,,,0,,,0,,,1,0.024064946388819286,0.0,1,0.3013210335861367,0.0,1,1.0233296422727096,0.0,1,0.0012611669953912497,0.0,1,0.0013778329594060779,0.0
afiro,0.5,gaussian,27,51,13,10,1,0,0,9,0,1,0,0,0,1,0,9,10,0.0007540375925600528,3.411411336060738e-05,10,1.5462498413398863e-05,2.289581733521558e-06,10,2.2391596576198936e-05,2.3894963073173443e-06,10,0.0008058458974119276,7.448464141131474e-05,10,0.0008436999924015254,7.449310337972574e-05,10,1.0,0.0,10,5304.0,0.0,10,2808.0,0.0,1,6.726005291951384,0.0,1,2.4151662764435584,0.0,0,,,0,,,0,,,1,0.005859804578503152,0.0,1,0.15406839136606953,0.0,1,0.16186591448614718,0.0,1,0.0009536229772493243,0.0,1,0.0009492069366388023,0.0
afiro,0.5,sparse,27,51,13,10,0,0,0,10,0,0,0,0,0,0,0,10,10,0.0007540375925600528,3.411411336060738e-05,10,5.067499587312341e-05,1.0824772834419609e-05,10,3.859989228658378e-05,2.471749634497224e-05,10,0.0008246251090895385,8.09889350998945e-05,10,0.0009138999972492457,0.00010688635550874849,10,0.5088989441930618,0.032607725118185694,10,4104.8,259.4270610402855,10,1475.6,95.33939374676136,0,,,0,,,0,,,0,,,0,,,0,,,0,,,0,,,0,,,0,,
afiro,0.5,countsketch,27,51,13,10,0,0,0,10,0,0,0,0,0,0,0,10,10,0.0007540375925600528,3.411411336060738e-05,10,5.4237397853285076e-05,7.63925051880915e-06,10,2.283329959027469e-05,2.4458205098896664e-06,10,0.0006417417898774147,4.6780439341520625e-05,10,0.0007188124873209745,5.362241602968803e-05,10,0.14313725490196078,0.005752214071378007,10,1194.8,45.76461515188345,10,380.0,0.0,0,,,0,,,0,,,0,,,0,,,0,,,0,,,0,,,0,,,0,,
afiro,0.75,gaussian,27,51,20,10,9,0,0,1,0,9,0,0,0,9,0,1,10,0.0007713042024988682,3.598934402895992e-05,10,1.5304103726521134e-05,3.546824089145202e-06,10,2.0958296954631805e-05,2.7227654482271865e-06,10,0.0008759915945120156,4.4479694563727746e-05,10,0.0009122539951931686,4.567354240021672e-05,10,1.0,0.0,10,8160.0,0.0,10,4320.0,0.0,9,2.0639739018765084,2.4181028094814994,9,0.6359179413169758,0.7063105973302853,0,,,0,,,0,,,9,0.10109012429719254,0.1673794399041615,9,0.1737773999538896,0.15283955550046813,9,345061302.8466462,1035183907.7707465,9,0.0009696343202247388,4.026547096479471e-05,9,0.0009737313246457941,3.8090944788545754e-05
afiro,0.75,sparse,27,51,20,10,8,0,0,2,0,8,0,0,0,8,0,2,10,0.0007713042024988682,3.598934402895992e-05,10,4.97042085044086e-05,6.1804126069398435e-06,10,2.9046105919405817e-05,1.8637509498705806e-06,10,0.0009268833033274859,9.286515987652417e-05,10,0.0010056336177513003,9.524354432515451e-05,10,0.5049019607843137,0.009738342761929007,10,6264.0,119.19731540601072,10,2259.6,97.49666660968465,8,5.395204866116925,6.608096382932664,8,1.8278322277170842,2.442302875072249,0,,,0,,,0,,,8,0.19804716221497223,0.1709250131748376,8,0.24304784314033112,0.16611612047995927,8,0.29436621950494335,0.3196107660613527,8,0.001035599154420197,6.659502267572672e-05,8,0.0010401668987469748,6.848794598865819e-05
afiro,0.75,countsketch,27,51,20,10,1,0,0,9,0,1,0,0,0,1,0,9,10,0.0007713042024988682,3.598934402895992e-05,10,5.862907855771482e-05,1.095518000814966e-05,10,2.2891699336469175e-05,3.5735020973883104e-06,10,0.0006846499047242105,4.83859788240981e-05,10,0.0007661706826183945,5.9857171625299665e-05,10,0.09480392156862745,0.00323677921945474,10,1244.4,39.61817764612602,10,408.0,0.0,1,16.341021594461207,0.0,1,12.615893630962049,0.0,0,,,0,,,0,,,1,0.1609373920946821,0.0,1,0.33493194623116274,0.0,1,0.053754144523802984,0.0,1,0.0009445829782634974,0.0,1,0.0009292920003645122,0.0
blend,0.5,gaussian,74,114,37,10,0,0,0,10,0,0,0,0,0,0,0,10,10,0.0013907002052292229,6.279190156770164e-05,10,2.895841025747359e-05,4.796028077864582e-06,10,3.658320056274533e-05,5.658401958521233e-06,10,0.002957808302016929,0.00024831653074205144,10,0.0030233499128371477,0.0002518423279348878,10,1.0,0.0,10,33744.0,0.0,10,21904.0,0.0,0,,,0,,,0,,,0,,,0,,,0,,,0,,,0,,,0,,,0,,
blend,0.5,sparse,74,114,37,10,0,0,0,10,0,0,0,0,0,0,0,10,10,0.0013907002052292229,6.279190156770164e-05,10,9.367120219394565e-05,1.2478584766915525e-05,10,6.748760933987797e-05,4.517834745858374e-06,10,0.0028882709972094744,0.00018838609483497835,10,0.0030494298087432982,0.000190005607220981,10,0.648316737790422,0.013351578981800628,10,32967.2,675.8035217428214,10,11100.8,251.72683607434467,0,,,0,,,0,,,0,,,0,,,0,,,0,,,0,,,0,,,0,,
blend,0.5,countsketch,74,114,37,10,0,0,0,10,0,0,0,0,0,0,0,10,10,0.0013907002052292229,6.279190156770164e-05,10,7.526651024818421e-05,1.019406627409384e-05,10,3.0370894819498062e-05,3.8670078636021284e-06,10,0.0010706708009820432,9.044099352653874e-05,10,0.0011763082060497255,9.665559677240694e-05,10,0.11100047415836889,0.00240427335164298,10,5770.4,121.69469996676108,10,1040.0,0.0,0,,,0,,,0,,,0,,,0,,,0,,,0,,,0,,,0,,,0,,
blend,0.75,gaussian,74,114,55,10,8,0,0,2,0,8,0,0,0,8,0,2,10,0.0015044249943457545,0.00023977951925223149,10,3.296250943094492e-05,4.681611930999761e-06,10,3.824158920906484e-05,4.55276897560999e-06,10,0.0045105417026206854,0.000528519700131561,10,0.004581745801260695,0.0005254738025676416,10,1.0,0.0,10,50160.0,0.0,10,32560.0,0.0,8,13.761094632226047,12.655057807005878,8,31.742856189259907,16.439743434065328,0,,,0,,,0,,,8,0.07398110037063896,0.03901190243409863,8,0.3632753407563057,0.0912962567352188,8,68629705735.48752,169061362658.64886,8,0.004494541484746151,0.0003321923225161818,8,0.004770328239828814,0.0003325586192599938
blend,0.75,sparse,74,114,55,10,9,0,0,1,0,9,0,0,0,9,0,1,10,0.0015044249943457545,0.00023977951925223149,10,0.00011732499115169048,1.0370471795779532e-05,10,8.795850444585085e-05,3.707393786854555e-06,10,0.0038075874967034907,0.000258882931068375,10,0.004012870992301032,0.00025172541972578094,10,0.6478947368421053,0.008582870721450385,10,48971.6,645.7751930819269,10,16476.8,405.05604550481655,9,6.628137516382866,2.246325911861094,9,20.413596444127062,6.823066530998172,0,,,0,,,0,,,9,0.05437446010857198,0.04742753382007704,9,0.40380293782435384,0.15767236088225098,9,111907030665.17392,301429380713.083,9,0.004082004662551399,0.00016104539463973044,9,0.004333486224317716,0.00015700022086292126
blend,0.75,countsketch,74,114,55,10,0,0,0,10,0,0,0,0,0,0,0,10,10,0.0015044249943457545,0.00023977951925223149,10,8.025417337194085e-05,9.92390010097865e-06,10,2.886260626837611e-05,2.2461878195203223e-06,10,0.0012149917019996792,0.00011927615676978943,10,0.0013241084816399962,0.0001227254078298342,10,0.07783094098883572,0.0013108801707536367,10,6080.0,98.63062404750362,10,1112.0,0.0,0,,,0,,,0,,,0,,,0,,,0,,,0,,,0,,,0,,,0,,
scfxm1,0.5,gaussian,330,600,165,10,0,0,0,10,0,0,0,0,0,0,0,10,10,0.004974620795110241,0.00014977871034810118,10,0.0007053209003061057,0.0015331746693194894,10,0.00018675439641810954,9.319844912363155e-05,10,0.4799187706958037,0.03502351236560402,10,0.4808108459925279,0.03560925428258167,10,1.0,0.0,10,792000.0,0.0,10,435600.0,0.0,0,,,0,,,0,,,0,,,0,,,0,,,0,,,0,,,0,,,0,,
scfxm1,0.5,sparse,330,600,165,10,0,0,0,10,0,0,0,0,0,0,0,10,10,0.004974620795110241,0.00014977871034810118,10,0.0009590750909410417,0.0007220991117201259,10,0.0008815458044409752,2.528673601200096e-05,10,0.23196852078544908,0.01996247655465784,10,0.23380914168083108,0.01998282367100041,10,0.6375868686868686,0.002699624791754727,10,758117.2,3207.154252604636,10,218377.6,1831.9807859254418,0,,,0,,,0,,,0,,,0,,,0,,,0,,,0,,,0,,,0,,
scfxm1,0.5,countsketch,330,600,165,10,0,0,0,10,0,0,0,0,0,0,0,10,10,0.004974620795110241,0.00014977871034810118,10,0.00011255820863880217,1.22525243400877e-05,10,4.714169190265238e-05,3.824336947143178e-06,10,0.004498417000286281,0.000612074875405886,10,0.004658116900827736,0.0006197354022704472,10,0.026784848484848484,0.00030273273830068296,10,32484.4,359.64649310121183,10,4624.0,0.0,0,,,0,,,0,,,0,,,0,,,0,,,0,,,0,,,0,,,0,,
scfxm1,0.75,gaussian,330,600,247,10,10,0,0,0,0,10,0,0,0,10,0,0,10,0.004894158302340657,0.00015984896212798075,10,0.0003104709961917251,9.077693389559586e-06,10,0.0002093207964207977,2.4352357037472853e-05,10,0.9683807168097701,0.03344007608373815,10,0.9689005086023826,0.0334336646125182,10,1.0,0.0,10,1185600.0,0.0,10,652080.0,0.0,10,1.7249020210276016,0.7575765710714758,10,2.073518768008655,0.5279630147319225,0,,,0,,,0,,,10,0.09718734385856329,0.01958142361851366,10,0.2730622911110243,0.2812318598310717,10,3159589.4730444276,9991470.615182312,10,0.969649166817544,0.03338293855812161,10,0.9732765458058565,0.03347195043226254
scfxm1,0.75,sparse,330,600,247,10,10,0,0,0,0,10,0,0,0,10,0,0,10,0.004894158302340657,0.00015984896212798075,10,0.001070745795732364,9.199488908501576e-05,10,0.0013080042088404297,5.719777538621807e-05,10,0.47960787919000725,0.0327809707275005,10,0.48198662919458,0.0327835099008166,10,0.6359345479082321,0.0022450709728729324,10,1131938.0,3992.6342181572304,10,327024.8,1444.4508991308771,10,1.7742329559061922,0.6587520389924298,10,2.2330603432520926,0.48623712123754975,0,,,0,,,0,,,10,0.10657503056823962,0.023569319524100837,10,0.28462423045855145,0.22074714141527987,10,5719958199.562096,13425562699.36591,10,0.4826699624885805,0.032799534977640335,10,0.4864176667004358,0.032798651622510645
scfxm1,0.75,countsketch,330,600,247,10,0,0,0,10,0,0,0,0,0,0,0,10,10,0.004894158302340657,0.00015984896212798075,10,0.00011418329668231309,9.665159805403209e-06,10,5.01248927321285e-05,6.048387540555235e-06,10,0.005691208405187354,0.000775516713234737,10,0.005855516594601795,0.0007708341776717265,10,0.018160593792172736,0.0002114307864046235,10,33288.8,376.0085105419822,10,4952.0,0.0,0,,,0,,,0,,,0,,,0,,,0,,,0,,,0,,,0,,,0,,
stocfor1,0.5,gaussian,117,165,58,10,0,0,0,10,0,0,0,0,0,0,0,10,10,0.0014081749075558036,0.00015185653094563348,10,5.085020675323904e-05,1.7102263651159068e-05,10,4.418749595060945e-05,8.728227121285019e-06,10,0.0069189627072773876,0.0005592525854507056,10,0.007014000409981236,0.0005746846501056694,10,1.0,0.0,10,76560.0,0.0,10,54288.0,0.0,0,,,0,,,0,,,0,,,0,,,0,,,0,,,0,,,0,,,0,,
stocfor1,0.5,sparse,117,165,58,10,0,0,0,10,0,0,0,0,0,0,0,10,10,0.0014081749075558036,0.00015185653094563348,10,0.00015706660342402757,2.4397853721154314e-05,10,0.00010056659230031073,3.4160243160470426e-06,10,0.005579912499524653,0.00031613205925164195,10,0.005837545695248992,0.0003157074559041657,10,0.6037408568443052,0.006765624775744312,10,69569.6,776.964349246476,10,27281.6,342.82590333870627,0,,,0,,,0,,,0,,,0,,,0,,,0,,,0,,,0,,,0,,
stocfor1,0.5,countsketch,117,165,58,10,0,0,0,10,0,0,0,0,0,0,0,10,10,0.0014081749075558036,0.00015185653094563348,10,8.28833959531039e-05,1.2236746426694504e-05,10,3.1812203815206885e-05,3.6235862696350612e-06,10,0.0011726332828402518,0.00013034122224720904,10,0.0012873288826085628,0.00013997814059498516,10,0.05067920585161965,0.00047503245200229406,10,6056.0,54.55272678794342,10,1640.0,0.0,0,,,0,,,0,,,0,,,0,,,0,,,0,,,0,,,0,,,0,,
stocfor1,0.75,gaussian,117,165,87,10,0,0,0,10,0,0,0,0,0,0,0,10,10,0.0014044165029190481,9.279437669656797e-05,10,5.852100439369678e-05,4.639860374799724e-06,10,4.9999909242615105e-05,7.0811792102247405e-06,10,0.013117749796947464,0.0007555928619087568,10,0.013226270710583776,0.0007629430098514993,10,1.0,0.0,10,114840.0,0.0,10,81432.0,0.0,0,,,0,,,0,,,0,,,0,,,0,,,0,,,0,,,0,,,0,,
stocfor1,0.75,sparse,117,165,87,10,0,0,0,10,0,0,0,0,0,0,0,10,10,0.0014044165029190481,9.279437669656797e-05,10,0.00020736648584716023,3.058849900881696e-05,10,0.00014153740485198796,1.3106513367431406e-05,10,0.011273945798166096,0.0007398167708288941,10,0.011622849688865244,0.0007452661670585058,10,0.6045071403692093,0.006880548392949246,10,104484.4,1185.2432661694393,10,40705.6,766.4943574482464,0,,,0,,,0,,,0,,,0,,,0,,,0,,,0,,,0,,,0,,
stocfor1,0.75,countsketch,117,165,87,10,0,0,0,10,0,0,0,0,0,0,0,10,10,0.0014044165029190481,9.279437669656797e-05,10,9.571230039000511e-05,1.545186771242105e-05,10,3.269990556873381e-05,4.228402479953341e-06,10,0.0013945668062660844,8.889947305587207e-05,10,0.0015229790122248232,8.880314823228247e-05,10,0.03432253570184605,0.00023918461454672016,10,6264.4,41.20194170181789,10,1756.0,0.0,0,,,0,,,0,,,0,,,0,,,0,,,0,,,0,,,0,,,0,,
