scenario,family,projector,m,n,density,k,n_repetitions,original_optimal_count,original_limit_count,original_infeasible_count,original_unbounded_count,original_error_count,projected_optimal_count,projected_limit_count,projected_infeasible_count,projected_unbounded_count,projected_error_count,dual_computed_count,dual_ill_conditioned_count,dual_singular_count,dual_rank_deficient_count,primal_computed_count,primal_ill_conditioned_count,primal_singular_count,primal_rank_deficient_count,actual_density_count,actual_density_mean,actual_density_sd,dual_accepted_feasible_count,dual_accepted_feasible_mean,dual_accepted_feasible_sd,dual_accepted_feasible_total,dual_eq_residual_inf_count,dual_eq_residual_inf_mean,dual_eq_residual_inf_sd,dual_feas_count,dual_feas_mean,dual_feas_sd,dual_min_x_count,dual_min_x_mean,dual_min_x_sd,dual_neg_count,dual_neg_mean,dual_neg_sd,dual_obj_gap_count,dual_obj_gap_mean,dual_obj_gap_sd,dual_objective_count,dual_objective_mean,dual_objective_sd,dual_recovery_s_count,dual_recovery_s_mean,dual_recovery_s_sd,dual_total_s_count,dual_total_s_mean,dual_total_s_sd,multiply_s_count,multiply_s_mean,multiply_s_sd,original_accepted_feasible_count,original_accepted_feasible_mean,original_accepted_feasible_sd,original_accepted_feasible_total,original_eq_residual_inf_count,original_eq_residual_inf_mean,original_eq_residual_inf_sd,original_feas_count,original_feas_mean,original_feas_sd,original_iterations_count,original_iterations_mean,original_iterations_sd,original_min_x_count,original_min_x_mean,original_min_x_sd,original_neg_count,original_neg_mean,original_neg_sd,original_obj_gap_count,original_obj_gap_mean,original_obj_gap_sd,original_objective_count,original_objective_mean,original_objective_sd,original_solve_s_count,original_solve_s_mean,original_solve_s_sd,primal_accepted_feasible_count,primal_accepted_feasible_mean,primal_accepted_feasible_sd,primal_accepted_feasible_total,primal_eq_residual_inf_count,primal_eq_residual_inf_mean,primal_eq_residual_inf_sd,primal_feas_count,primal_feas_mean,primal_feas_sd,primal_min_x_count,primal_min_x_mean,primal_min_x_sd,primal_neg_count,primal_neg_mean,primal_neg_sd,primal_obj_gap_count,primal_obj_gap_mean,primal_obj_gap_sd,primal_objective_count,primal_objective_mean,primal_objective_sd,primal_recovery_s_count,primal_recovery_s_mean,primal_recovery_s_sd,primal_total_s_count,primal_total_s_mean,primal_total_s_sd,projected_density_count,projected_density_mean,projected_density_sd,projected_eq_residual_inf_count,projected_eq_residual_inf_mean,projected_eq_residual_inf_sd,projected_iterations_count,projected_iterations_mean,projected_iterations_sd,projected_solve_s_count,projected_solve_s_mean,projected_solve_s_sd,projected_total_s_count,projected_total_s_mean,projected_total_s_sd,raw_accepted_feasible_count,raw_accepted_feasible_mean,raw_accepted_feasible_sd,raw_accepted_feasible_total,raw_eq_residual_inf_count,raw_eq_residual_inf_mean,raw_eq_residual_inf_sd,raw_feas_count,raw_feas_mean,raw_feas_sd,raw_min_x_count,raw_min_x_mean,raw_min_x_sd,raw_neg_count,raw_neg_mean,raw_neg_sd,raw_obj_gap_count,raw_obj_gap_mean,raw_obj_gap_sd,raw_objective_count,raw_objective_mean,raw_objective_sd,sample_s_count,sample_s_mean,sample_s_sd,projected_speedup,dual_speedup,primal_speedup,farkas_min_yA_count,farkas_min_yA_mean,farkas_min_yA_sd,farkas_y_dot_b_count,farkas_y_dot_b_mean,farkas_y_dot_b_sd
feasible,feasible,gaussian,100,150,0.1,50,10,10,0,0,0,0,10,0,0,0,0,10,0,0,0,10,0,0,0,10,0.09912666666666667,0.0020065202358287163,10,0.0,0.0,0,10,6.716849298982197e-13,1.9850861888205658e-12,10,3.520639049377891e-14,1.0209643183097298e-13,10,-228.21782153071354,611.7254474141567,10,0.44402814492793147,0.04392318021187761,10,0.7994853624199731,1.6758719924584964,10,22.429959294123726,114.05152953107186,10,0.0001828541986469645,0.00011624403525813461,10,0.0030409871964366176,0.0001892092831382581,10,1.2666497786995023e-05,2.5952476718401516e-06,10,1.0,0.0,10,10,3.9479530755670567e-13,4.702944104236572e-13,10,1.4511834746446884e-14,1.5310196477825217e-14,10,147.6,8.01664934163062,10,0.0,0.0,10,0.0,0.0,10,1.4093784970418226e-16,1.8004524148042682e-16,10,66.99651139845331,4.072454213378873,10,0.003047333098948002,0.0002851414551942517,10,0.0,0.0,0,10,2.984279490192421e-14,1.2798880792074268e-14,10,2.217273287593442e-15,9.346692238814118e-16,10,-19.17982474528089,12.411408099578496,10,0.4171204089828583,0.04856517121674147,10,0.23585837015701303,0.1590246612540371,10,69.39955117649308,21.820397552696488,10,0.0007053666013234761,2.2324556844056066e-05,10,0.0035634995991131293,0.00012687867722906439,10,1.0,0.0,10,4.022560062821867e-13,5.877720121816472e-13,10,88.8,7.284687135812126,10,0.0028215790996910075,0.00012753626504420594,10,0.002858132997789653,0.00012980651149683862,10,0.0,0.0,0,10,3.734203208492759,0.5546432817757841,10,0.2978516383645232,0.031811882860350846,10,0.0,0.0,10,0.0,0.0,10,0.20903096876586497,0.034211838840966895,10,52.933349364360424,2.8530668626999796,10,2.3887400311650707e-05,4.752405160887686e-06,1.066197094853412,1.0020867902761381,0.8551518006923338,,,,,,
feasible,feasible,gaussian,100,150,0.5,50,10,10,0,0,0,0,10,0,0,0,0,10,0,0,0,10,0,0,0,10,0.5015066666666667,0.0026594717752698163,10,0.0,0.0,0,10,1.1475265182525617e-13,7.573661951138547e-14,10,1.5152516247813678e-15,1.14449835520103e-15,10,-26.65448268744346,16.89603211093302,10,0.4455067538335089,0.02748637507166209,10,0.06648461146930192,0.0349012612513079,10,72.41536156007517,8.653284953058137,10,0.00014328319957712665,8.71839296986759e-06,10,0.0029967456983285958,0.0001499220140145237,10,1.4475000352831557e-05,2.4885376326850228e-06,10,1.0,0.0,10,10,1.648931657882713e-10,5.088083685928648e-10,10,1.995762313208032e-12,6.155175122439283e-12,10,154.3,11.38273546502187,10,0.0,0.0,10,0.0,0.0,10,3.2124100692512865e-16,2.2621497413955236e-16,10,71.938971206812,5.334890980787019,10,0.006391862501914147,0.00021516728443968087,10,0.0,0.0,0,10,3.3507419061606924e-12,1.0104990706709748e-11,10,4.942758760775386e-14,1.494017179809457e-13,10,-1065.2296755261395,3237.7408020128682,10,0.38823140804016915,0.09377202871060156,10,1.7173465823751033,4.817923891092334,10,173.8976459540084,334.85821322596155,10,0.0006939626000530552,1.9099254706741214e-05,10,0.0035474250988045243,0.00014179426842620812,10,1.0,0.0,10,1.6299850358336699e-12,1.7888571335933918e-12,10,88.9,8.761658899242008,10,0.0028149873985967135,0.00014999299195710795,10,0.002853462498751469,0.00014798441266261896,10,0.0,0.0,0,10,8.470112957872013,1.6890753282091489,10,0.13614330975688133,0.0107219923800418,10,0.0,0.0,10,0.0,0.0,10,0.1062348464822859,0.013499627745724063,10,64.33620204842971,5.44572776152947,10,2.400009980192408e-05,2.7038738072538253e-06,2.240037324727731,2.1329345714850425,1.8018315606066477,,,,,,
feasible,feasible,gaussian,250,375,0.1,125,10,10,0,0,0,0,10,0,0,0,0,10,0,0,0,10,0,0,0,10,0.09957226666666666,0.0012593941400530673,10,0.0,0.0,0,10,1.163602547649134e-12,1.9789004285603754e-12,10,2.760652191891503e-14,4.7732101119331175e-14,10,-146.2287814677478,267.5094130688976,10,0.45367655606022766,0.031952556841898495,10,0.8370263824623395,2.1581214879946473,10,276.46709494177225,407.8959569629988,10,0.0005701334004697856,3.998009406239079e-05,10,0.02596644989971537,0.0007712561413787068,10,7.339140138356015e-05,2.1140359014465758e-06,10,1.0,0.0,10,10,3.7911513928179376e-10,1.1877339124343276e-09,10,7.455015465916791e-12,2.3373618715445088e-11,10,432.9,16.360182014744076,10,0.0,0.0,10,0.0,0.0,10,4.1357217645342794e-16,2.406169975516188e-16,10,172.62086546861627,4.3125102480736555,10,0.04095309169788379,0.0016389729709726712,10,0.0,0.0,0,10,1.8456347561368603e-13,1.6560805861339953e-13,10,5.250855844766403e-15,4.75564077792586e-15,10,-59.91523467292641,61.0503771848811,10,0.43223707948102685,0.07924290853368024,10,0.3028482017009864,0.28501292225092506,10,204.74534679768087,64.96260404343164,10,0.0032488875011040365,3.167836514903827e-05,10,0.028645204000349624,0.0007579783810524538,10,1.0,0.0,10,6.164288857135602e-10,1.5119926747910857e-09,10,260.5,11.118053386771946,10,0.025210633398091885,0.0007438350792888221,10,0.025396316499245584,0.0007424379833532258,10,0.0,0.0,0,10,6.97044997602797,0.5932508643847413,10,0.20740464611483328,0.01091473059417009,10,0.0,0.0,10,0.0,0.0,10,0.16326151324956353,0.009025806884935593,10,144.42686983786496,3.4137620981056265,10,0.00011229169977013952,5.871125783694122e-06,1.6125602978329685,1.5771540528662216,1.4296666100679172,,,,,,
feasible,feasible,gaussian,250,375,0.5,125,10,10,0,0,0,0,10,0,0,0,0,10,0,0,0,10,0,0,0,10,0.5002869333333334,0.0022141289779197965,10,0.0,0.0,0,10,1.0665246463759103e-12,8.895476065445808e-13,10,4.938139906558049e-15,3.59676654573923e-15,10,-51.574088778640245,41.03535566234757,10,0.4505013140968076,0.047006827930335386,10,0.08337901159133065,0.07255748331586816,10,165.42270179406276,12.895303152085313,10,0.0005539040997973643,2.363336909733132e-05,10,0.027543153597798666,0.0013114857203879724,10,7.445410010404885e-05,2.7289254015143357e-06,10,1.0,0.0,10,10,9.46437950233303e-10,2.9853761162267027e-09,10,6.196621657255825e-12,1.955992532027741e-11,10,451.2,21.36872065010496,10,0.0,0.0,10,0.0,0.0,10,4.558074214012199e-16,3.007597401237701e-16,10,180.57353927710133,5.919902823403798,10,0.0856494166982884,0.0043053393768320795,10,0.0,0.0,0,10,5.833555860590422e-13,7.213900578083708e-13,10,2.5703582569498667e-15,2.7962433455435146e-15,10,-65.21478434764023,76.92409486797885,10,0.44434776581732144,0.04318368481843961,10,0.08531536938595381,0.1095250798284916,10,184.10115621061558,27.87718829813053,10,0.003274662599869771,2.1769674767557016e-05,10,0.03026391209787107,0.0013106507420529428,10,1.0,0.0,10,7.509538768601942e-10,1.073730271234666e-09,10,285.1,12.42264956529895,10,0.026798541397874943,0.001317070788255205,10,0.0269892494980013,0.0013101565294042093,10,0.0,0.0,0,10,14.129457961720925,1.7324092403132598,10,0.08401015065958801,0.006531238867031744,10,0.0,0.0,10,0.0,0.0,10,0.07039840318424041,0.0054205718308906,10,167.8658695887667,5.743668398536409,10,0.0001162540000223089,7.161158809507126e-06,3.1734641863469086,3.1096445217926596,2.8300841087994524,,,,,,
feasible,feasible,gaussian,500,750,0.1,250,10,10,0,0,0,0,10,0,0,0,0,10,0,0,0,10,0,0,0,10,0.10014133333333333,0.0006791308897643386,10,0.0,0.0,0,10,8.175327081971773e-12,1.7737112201206173e-11,10,8.7958066198201e-14,1.9347484574573355e-13,10,-241.8779192199026,529.1790408565856,10,0.4737924014021201,0.01800286168868709,10,0.5565930736970213,1.398698039780264,10,508.40240348504784,515.7899534959867,10,0.0021446583996294066,6.570055200410067e-05,10,0.20827577519594342,0.005612734379092702,10,0.00045261679915711286,6.26925334954383e-05,10,1.0,0.0,10,10,4.492257232868724e-10,1.2197586784805549e-09,10,4.171606778032641e-12,1.1291915628654024e-11,10,976.7,23.09906203001902,10,0.0,0.0,10,0.0,0.0,10,6.248197540722867e-16,2.834311190960117e-16,10,353.6180308225263,3.4598608209402753,10,0.4815399000006437,0.03778804871994876,10,0.0,0.0,0,10,7.849720873309706e-13,1.1130817103921438e-12,10,9.089821507966823e-15,1.2753864332463356e-14,10,-102.09407745997358,128.1772860611858,10,0.4584336393371527,0.033751170239609926,10,0.2800201946770112,0.5736341444135413,10,315.5113981720922,224.75577204483514,10,0.011500854000041727,7.130153675029185e-05,10,0.21763197079635574,0.005625869603130144,10,1.0,0.0,10,5.512266199048099e-11,1.6997723893558952e-10,10,615.8,21.159710142942252,10,0.205029083298723,0.005228004762598294,10,0.20613111679631402,0.005611318891655397,10,0.0,0.0,0,10,11.029326004813152,1.29032063771538,10,0.1593572287567873,0.0077895848210813995,10,0.0,0.0,10,0.0,0.0,10,0.1257632953787645,0.004669375305504723,10,309.14548230096796,3.4072851681839165,10,0.0006494166984339245,0.000718675567038396,2.336085436710031,2.3120302855558528,2.2126340088664356,,,,,,
feasible,feasible,gaussian,500,750,0.5,250,10,10,0,0,0,0,10,0,0,0,0,10,0,0,0,10,0,0,0,10,0.5000928000000001,0.0007034720803992282,10,0.0,0.0,0,10,6.980371836107224e-12,1.1960210444316253e-11,10,1.561009698425308e-14,2.6284023181450618e-14,10,-114.41888531234562,209.31220244556636,10,0.4652294416794434,0.024235922662262595,10,0.07446074846587791,0.13326169495437162,10,374.2988252819991,52.88833661411429,10,0.002166608399420511,0.00010178276135178532,10,0.2200705128016125,0.009674867132945825,10,0.00042955830067512577,1.0936673468735435e-05,10,1.0,0.0,10,10,4.1313228393846655e-10,9.651513740526397e-10,10,1.0713975104469828e-12,2.6465597801822795e-12,10,1019.2,29.73139007102688,10,0.0,0.0,10,0.0,0.0,10,5.869145156021548e-16,3.966481633579571e-16,10,367.11447003363406,5.164533132902344,10,0.8860159085001215,0.06573916261115119,10,0.0,0.0,0,10,9.265477274311707e-13,8.191174132599124e-13,10,2.106661284046439e-15,2.064283311411879e-15,10,-55.77309872256734,62.037958399080736,10,0.4560006422932058,0.026723454301053624,10,0.04629020078188747,0.03981395295870746,10,373.5340661206881,21.608732281683142,10,0.011527704400214134,0.00012799498510914365,10,0.22943160880240612,0.009617532826773875,10,1.0,0.0,10,1.3764534401161655e-09,4.0887506104435136e-09,10,666.4,33.98431010530203,10,0.21704136680127703,0.009642715312098022,10,0.21790390440219198,0.009643001084037536,10,0.0,0.0,0,10,23.892752849472195,2.253540931658315,10,0.06502780004283501,0.004456831797182909,10,0.0,0.0,10,0.0,0.0,10,0.05232784041437594,0.003189218332819062,10,347.9025904642249,4.908931676807828,10,0.0004329793002398219,1.5548034345628772e-05,4.066085511091965,4.026054636855599,3.861786582611583,,,,,,
infeasible,legacy_all_negative,sparse,100,150,0.1,50,10,0,0,10,0,0,0,0,10,0,0,0,0,0,0,0,0,0,0,10,0.09836666666666667,0.002106837780204913,,,,,,,,,,,,,,,,,,,,,,,,,,,,,10,1.0437499440740794e-05,1.894023513603131e-06,,,,,,,,,,,10,0.0,0.0,,,,,,,,,,,,,10,0.0006425624997064006,7.654114404883345e-05,,,,,,,,,,,,,,,,,,,,,,,,,,,,,10,0.9685066666666667,0.005233812197954465,,,,10,21.6,7.6623176070371235,10,0.0019124499995086808,7.564730915707969e-05,10,0.0019498915986332576,7.593290830141755e-05,,,,,,,,,,,,,,,,,,,,,,,10,2.7004099683836104e-05,1.943261499578747e-06,0.3295375497575319,,,10,0.0,0.0,10,-0.6637091903289998,0.356917339930601
infeasible,legacy_all_negative,orthogonal,100,150,0.1,50,10,0,0,10,0,0,0,0,10,0,0,0,0,0,0,0,0,0,0,10,0.09836666666666667,0.002106837780204913,,,,,,,,,,,,,,,,,,,,,,,,,,,,,10,9.599999611964449e-06,2.099608619949951e-06,,,,,,,,,,,10,0.0,0.0,,,,,,,,,,,,,10,0.0006425624997064006,7.654114404883345e-05,,,,,,,,,,,,,,,,,,,,,,,,,,,,,10,1.0,0.0,,,,10,23.6,6.752777206453652,10,0.001926912298949901,0.00010735561703642528,10,0.002077782896958524,0.0001286180511508277,,,,,,,,,,,,,,,,,,,,,,,10,0.0001412705983966589,2.511941854124741e-05,0.3092539170704451,,,10,0.0,0.0,10,-0.6637091903289998,0.356917339930601
infeasible,legacy_all_negative,sparse,100,150,0.5,50,10,0,0,10,0,0,0,0,10,0,0,0,0,0,0,0,0,0,0,10,0.49870000000000003,0.004821582138778478,,,,,,,,,,,,,,,,,,,,,,,,,,,,,10,1.0429300891701132e-05,1.2700344928587236e-06,,,,,,,,,,,10,0.0,0.0,,,,,,,,,,,,,10,0.0010384539993538056,3.700982555417187e-05,,,,,,,,,,,,,,,,,,,,,,,,,,,,,10,1.0,0.0,,,,10,7.4,5.295700562196133,10,0.0016765583008236718,0.00014831263779249666,10,0.0017132128014054615,0.00014891655315750466,,,,,,,,,,,,,,,,,,,,,,,10,2.622519969008863e-05,1.700529042620382e-06,0.6061441979081018,,,10,0.0,0.0,10,-0.6240388000095912,0.3004216518609769
infeasible,legacy_all_negative,orthogonal,100,150,0.5,50,10,0,0,10,0,0,0,0,10,0,0,0,0,0,0,0,0,0,0,10,0.49870000000000003,0.004821582138778478,,,,,,,,,,,,,,,,,,,,,,,,,,,,,10,8.3332990470808e-06,5.054387653715785e-07,,,,,,,,,,,10,0.0,0.0,,,,,,,,,,,,,10,0.0010384539993538056,3.700982555417187e-05,,,,,,,,,,,,,,,,,,,,,,,,,,,,,10,1.0,0.0,,,,10,9.5,5.275730597114805,10,0.0018160542007535697,0.00013233482604100733,10,0.0019544542017683854,0.00013291309915373377,,,,,,,,,,,,,,,,,,,,,,,10,0.00013006670196773483,8.039823900911604e-06,0.5313268524860879,,,10,0.0,0.0,10,-0.6240388000095912,0.3004216518609769
infeasible,legacy_all_negative,sparse,250,375,0.1,125,10,0,0,10,0,0,0,0,10,0,0,0,0,0,0,0,0,0,0,10,0.09994453333333334,0.001320435872667491,,,,,,,,,,,,,,,,,,,,,,,,,,,,,10,7.019589975243434e-05,4.1796888439229435e-06,,,,,,,,,,,10,0.0,0.0,,,,,,,,,,,,,10,0.0015543624009296763,7.938564740289094e-05,,,,,,,,,,,,,,,,,,,,,,,,,,,,,10,0.9997887999999999,6.779839395016278e-05,,,,10,33.1,5.506561742341788,10,0.012258600000495789,0.0008933836627534619,10,0.012461475199233973,0.000898897589216365,,,,,,,,,,,,,,,,,,,,,,,10,0.00013267929898574948,7.17061842481931e-06,0.124733418482045,,,10,0.0,0.0,10,-0.4866105994984856,0.29106075082081917
infeasible,legacy_all_negative,orthogonal,250,375,0.1,125,10,0,0,10,0,0,0,0,10,0,0,0,0,0,0,0,0,0,0,10,0.09994453333333334,0.001320435872667491,,,,,,,,,,,,,,,,,,,,,,,,,,,,,10,7.168340089265257e-05,4.229393159771308e-06,,,,,,,,,,,10,0.0,0.0,,,,,,,,,,,,,10,0.0015543624009296763,7.938564740289094e-05,,,,,,,,,,,,,,,,,,,,,,,,,,,,,10,1.0,0.0,,,,10,32.4,3.9496835316263,10,0.012322274999314686,0.0005249723587205859,10,0.013349737800308504,0.0005255755297279466,,,,,,,,,,,,,,,,,,,,,,,10,0.0009557794001011644,2.154258272600021e-05,0.11643392733104885,,,10,0.0,0.0,10,-0.4866105994984856,0.29106075082081917
infeasible,legacy_all_negative,sparse,250,375,0.5,125,10,0,0,10,0,0,0,0,10,0,0,0,0,0,0,0,0,0,0,10,0.5004693333333334,0.001256485240857959,,,,,,,,,,,,,,,,,,,,,,,,,,,,,10,7.124159965314903e-05,1.6274894093473709e-06,,,,,,,,,,,10,0.0,0.0,,,,,,,,,,,,,10,0.0046099583007162435,0.00011291253185748925,,,,,,,,,,,,,,,,,,,,,,,,,,,,,10,1.0,0.0,,,,10,12.0,5.270462766947299,10,0.010769166699901689,0.0023541219223162154,10,0.010973904199636309,0.0023562700339046063,,,,,,,,,,,,,,,,,,,,,,,10,0.00013349590008147061,6.324898521110723e-06,0.4200837019216027,,,10,0.0,0.0,10,-0.4875606652659748,0.2871711986053665
infeasible,legacy_all_negative,orthogonal,250,375,0.5,125,10,0,0,10,0,0,0,0,10,0,0,0,0,0,0,0,0,0,0,10,0.5004693333333334,0.001256485240857959,,,,,,,,,,,,,,,,,,,,,,,,,,,,,10,6.667899870080874e-05,5.077042480855553e-06,,,,,,,,,,,10,0.0,0.0,,,,,,,,,,,,,10,0.0046099583007162435,0.00011291253185748925,,,,,,,,,,,,,,,,,,,,,,,,,,,,,10,1.0,0.0,,,,10,12.5,7.230337321161287,10,0.011001783297979273,0.002605917323457723,10,0.012016558297909796,0.0026038731430366798,,,,,,,,,,,,,,,,,,,,,,,10,0.0009480960012297146,1.015150003764835e-05,0.3836338314538961,,,10,0.0,0.0,10,-0.4875606652659748,0.2871711986053665
infeasible,legacy_all_negative,sparse,500,750,0.1,250,10,0,0,10,0,0,0,0,10,0,0,0,0,0,0,0,0,0,0,10,0.09985573333333334,0.0003440389297524129,,,,,,,,,,,,,,,,,,,,,,,,,,,,,10,0.0004314001002057921,1.8828991221868467e-05,,,,,,,,,,,10,0.0,0.0,,,,,,,,,,,,,10,0.004512645899376366,0.00014061664675802199,,,,,,,,,,,,,,,,,,,,,,,,,,,,,10,1.0,0.0,,,,10,49.4,8.0718991294215,10,0.06645516269927612,0.0008207355378863385,10,0.0673885670978052,0.0008216311036729817,,,,,,,,,,,,,,,,,,,,,,,10,0.0005020042983232998,1.82594105455725e-05,0.0669645622947715,,,10,0.0,0.0,10,-0.518725389997942,0.31870932023323323
infeasible,legacy_all_negative,orthogonal,500,750,0.1,250,10,0,0,10,0,0,0,0,10,0,0,0,0,0,0,0,0,0,0,10,0.09985573333333334,0.0003440389297524129,,,,,,,,,,,,,,,,,,,,,,,,,,,,,10,0.00044463739832281137,1.9313817647226706e-05,,,,,,,,,,,10,0.0,0.0,,,,,,,,,,,,,10,0.004512645899376366,0.00014061664675802199,,,,,,,,,,,,,,,,,,,,,,,,,,,,,10,1.0,0.0,,,,10,41.6,4.6951511631090685,10,0.06597012949932832,0.0006079788828668526,10,0.06930520449750474,0.0006033587887722295,,,,,,,,,,,,,,,,,,,,,,,10,0.0028904375998536126,3.4392506722164444e-05,0.06511265542169836,,,10,0.0,0.0,10,-0.518725389997942,0.31870932023323323
infeasible,legacy_all_negative,sparse,500,750,0.5,250,10,0,0,10,0,0,0,0,10,0,0,0,0,0,0,0,0,0,0,10,0.49973333333333336,0.0008900099597167768,,,,,,,,,,,,,,,,,,,,,,,,,,,,,10,0.0004445584003406111,2.9139209312413363e-05,,,,,,,,,,,10,0.0,0.0,,,,,,,,,,,,,10,0.01863272080081515,0.0001668117514326303,,,,,,,,,,,,,,,,,,,,,,,,,,,,,10,1.0,0.0,,,,10,16.6,4.835057163858332,10,0.06476107899943599,0.0009750366229128286,10,0.06571296660040389,0.0009687258107521546,,,,,,,,,,,,,,,,,,,,,,,10,0.0005073292006272823,1.8287841104164615e-05,0.2835470952653753,,,10,0.0,0.0,10,-0.6087091538223022,0.2958657774807009
infeasible,legacy_all_negative,orthogonal,500,750,0.5,250,10,0,0,10,0,0,0,0,10,0,0,0,0,0,0,0,0,0,0,10,0.49973333333333336,0.0008900099597167768,,,,,,,,,,,,,,,,,,,,,,,,,,,,,10,0.0004539626985206269,2.288977186753155e-05,,,,,,,,,,,10,0.0,0.0,,,,,,,,,,,,,10,0.01863272080081515,0.0001668117514326303,,,,,,,,,,,,,,,,,,,,,,,,,,,,,10,1.0,0.0,,,,10,13.1,6.2084172253839744,10,0.061333966800157215,0.011216754986927332,10,0.06471651289684814,0.011210087060128736,,,,,,,,,,,,,,,,,,,,,,,10,0.0029285833981703034,2.4170395145004493e-05,0.28791292927840384,,,10,0.0,0.0,10,-0.6087091538223022,0.2958657774807009
infeasible,mixed_sign_stress,sparse,100,150,0.1,50,10,0,0,10,0,0,7,0,3,0,0,0,0,0,0,0,0,0,0,10,0.09975333333333333,0.002239499503168366,,,,,,,,,,,,,,,,,,,,,,,,,,,,,10,1.123750043916516e-05,3.7287469595384467e-06,,,,,,,,,,,10,0.0,0.0,,,,,,,,,,,,,10,0.000680504200863652,9.055392835036713e-05,,,,,,,,,,,,,,,,,,,,,,,,,,,,,10,0.9659466666666667,0.005375463230110663,7,3.4482734128411203e-13,4.339883121399127e-13,10,97.6,12.677188612271694,10,0.0029196667004725897,0.00018354371560705922,10,0.002958591500646435,0.00018620264861991,7,0.0,0.0,0,7,1.4443129481388242,0.38151179675049884,7,0.38645853157888804,0.07146925196167357,7,0.0,0.0,7,0.0,0.0,,,,7,17.21826547677822,0.9149692335287676,10,2.7687299734679982e-05,3.1163156768458037e-06,0.23000951659428676,,,10,0.0,0.0,10,-1.0521848472374118,0.36300631942426165
infeasible,mixed_sign_stress,orthogonal,100,150,0.1,50,10,0,0,10,0,0,7,0,3,0,0,0,0,0,0,0,0,0,0,10,0.09975333333333333,0.002239499503168366,,,,,,,,,,,,,,,,,,,,,,,,,,,,,10,9.78319949354045e-06,2.520441971962654e-06,,,,,,,,,,,10,0.0,0.0,,,,,,,,,,,,,10,0.000680504200863652,9.055392835036713e-05,,,,,,,,,,,,,,,,,,,,,,,,,,,,,10,1.0,0.0,7,1.2637192879440461e-12,2.6402042479990126e-12,10,98.9,11.37687713449228,10,0.002910554100526497,0.00017076578291829063,10,0.003058412200334715,0.00016814517644178444,7,0.0,0.0,0,7,1.5540848152877982,0.3782834643045359,7,0.4162250372275492,0.042176743923113554,7,0.0,0.0,7,0.0,0.0,,,,7,19.19143413870905,3.002333883724523,10,0.0001380749003146775,5.322661526130543e-06,0.22250244776985165,,,10,0.0,0.0,10,-1.0521848472374118,0.36300631942426165
infeasible,mixed_sign_stress,sparse,100,150,0.5,50,10,0,0,10,0,0,0,0,10,0,0,0,0,0,0,0,0,0,0,10,0.49973999999999996,0.0025984705853090086,,,,,,,,,,,,,,,,,,,,,,,,,,,,,10,1.0916800238192082e-05,9.72880279913783e-07,,,,,,,,,,,10,0.0,0.0,,,,,,,,,,,,,10,0.0010581625007034744,4.931273931047116e-05,,,,,,,,,,,,,,,,,,,,,,,,,,,,,10,1.0,0.0,,,,10,61.2,7.871185143010902,10,0.002342941700044321,9.50475137933228e-05,10,0.0023818668007152153,9.661614367112088e-05,,,,,,,,,,,,,,,,,,,,,,,10,2.8008300432702526e-05,3.635902051434509e-06,0.44425763035352545,,,10,0.0,0.0,10,-0.9492236571376107,0.29788952110496203
infeasible,mixed_sign_stress,orthogonal,100,150,0.5,50,10,0,0,10,0,0,0,0,10,0,0,0,0,0,0,0,0,0,0,10,0.49973999999999996,0.0025984705853090086,,,,,,,,,,,,,,,,,,,,,,,,,,,,,10,9.29140005609952e-06,7.473333715767853e-07,,,,,,,,,,,10,0.0,0.0,,,,,,,,,,,,,10,0.0010581625007034744,4.931273931047116e-05,,,,,,,,,,,,,,,,,,,,,,,,,,,,,10,1.0,0.0,,,,10,64.6,10.035492569431314,10,0.0023944999993545935,0.00014511185678281778,10,0.00254286609851988,0.00014633391008401746,,,,,,,,,,,,,,,,,,,,,,,10,0.00013907469910918736,1.3328616774390789e-05,0.4161298549378579,,,10,0.0,0.0,10,-0.9492236571376107,0.29788952110496203
infeasible,mixed_sign_stress,sparse,250,375,0.1,125,10,0,0,10,0,0,1,0,9,0,0,0,0,0,0,0,0,0,0,10,0.10011093333333335,0.000776043475936246,,,,,,,,,,,,,,,,,,,,,,,,,,,,,10,7.0708199928049e-05,7.619637938165312e-06,,,,,,,,,,,10,0.0,0.0,,,,,,,,,,,,,10,0.0015462416020454838,6.753424848414748e-05,,,,,,,,,,,,,,,,,,,,,,,,,,,,,10,0.999808,0.00011377777777777978,1,3.752553823233029e-14,0.0,10,309.4,22.726391902123154,10,0.029415312202036147,0.0014115581119234929,10,0.029614474601839903,0.0014092328607859391,1,0.0,0.0,0,1,1.8105563969899652,0.0,1,0.3293338196954599,0.0,1,0.0,0.0,1,0.0,0.0,,,,1,22.398999201158382,0.0,10,0.00012845419987570495,3.6762961004070088e-06,0.05221235976104125,,,10,0.0,0.0,10,-0.870367281911461,0.24464841958934777
infeasible,mixed_sign_stress,orthogonal,250,375,0.1,125,10,0,0,10,0,0,2,0,8,0,0,0,0,0,0,0,0,0,0,10,0.10011093333333335,0.000776043475936246,,,,,,,,,,,,,,,,,,,,,,,,,,,,,10,6.872930025565438e-05,6.129819677632219e-06,,,,,,,,,,,10,0.0,0.0,,,,,,,,,,,,,10,0.0015462416020454838,6.753424848414748e-05,,,,,,,,,,,,,,,,,,,,,,,,,,,,,10,1.0,0.0,2,4.2126968580191715e-11,5.907598483194398e-11,10,289.1,22.0879554911218,10,0.027939058100309923,0.0018532352999715584,10,0.028970962602033978,0.0018528863416504976,2,0.0,0.0,0,2,1.1101557284288206,0.0416070571242326,2,0.297719749031983,0.01864658584345485,2,0.0,0.0,2,0.0,0.0,,,,2,21.151032357003245,0.5847409387548445,10,0.0009631752014684025,2.3240229852314033e-05,0.05337211687736348,,,10,0.0,0.0,10,-0.870367281911461,0.24464841958934777
infeasible,mixed_sign_stress,sparse,250,375,0.5,125,10,0,0,10,0,0,0,0,10,0,0,0,0,0,0,0,0,0,0,10,0.5001664000000001,0.0020689251983924527,,,,,,,,,,,,,,,,,,,,,,,,,,,,,10,7.225830122479238e-05,2.173025894678548e-06,,,,,,,,,,,10,0.0,0.0,,,,,,,,,,,,,10,0.0046497249997628385,0.00013579130362263586,,,,,,,,,,,,,,,,,,,,,,,,,,,,,10,1.0,0.0,,,,10,126.6,20.532900428336955,10,0.016045058299641823,0.0011766150763725843,10,0.016251254100643563,0.00117526372391565,,,,,,,,,,,,,,,,,,,,,,,10,0.00013393749977694825,5.002664744961442e-06,0.28611484202801957,,,10,0.0,0.0,10,-1.0040050970760668,0.27132354916382023
infeasible,mixed_sign_stress,orthogonal,250,375,0.5,125,10,0,0,10,0,0,0,0,10,0,0,0,0,0,0,0,0,0,0,10,0.5001664000000001,0.0020689251983924527,,,,,,,,,,,,,,,,,,,,,,,,,,,,,10,6.856690015411004e-05,3.023762668865155e-06,,,,,,,,,,,10,0.0,0.0,,,,,,,,,,,,,10,0.0046497249997628385,0.00013579130362263586,,,,,,,,,,,,,,,,,,,,,,,,,,,,,10,1.0,0.0,,,,10,138.9,29.890355189146437,10,0.017003958300483644,0.0019654041213250538,10,0.01803674180046073,0.0019622928994465633,,,,,,,,,,,,,,,,,,,,,,,10,0.0009642165998229757,2.5683854503617778e-05,0.2577918479513892,,,10,0.0,0.0,10,-1.0040050970760668,0.27132354916382023
infeasible,mixed_sign_stress,sparse,500,750,0.1,250,10,0,0,10,0,0,0,0,9,0,1,0,0,0,0,0,0,0,0,10,0.09980773333333334,0.0004552733217868834,,,,,,,,,,,,,,,,,,,,,,,,,,,,,10,0.00043070820029242893,1.748926295593436e-05,,,,,,,,,,,10,0.0,0.0,,,,,,,,,,,,,10,0.004513108398532495,6.19776289127658e-05,,,,,,,,,,,,,,,,,,,,,,,,,,,,,10,0.9999994666666666,1.6865480854131197e-06,,,,10,524.7,39.11251575760486,10,0.17717383330091252,0.014157817583544306,10,0.1781043832008436,0.014148662316711007,,,,,,,,,,,,,,,,,,,,,,,10,0.0004998416996386367,1.9518212573902757e-05,0.025339681805827217,,,10,0.0,0.0,10,-0.9409644283932433,0.20251374475856918
infeasible,mixed_sign_stress,orthogonal,500,750,0.1,250,10,0,0,10,0,0,0,0,10,0,0,0,0,0,0,0,0,0,0,10,0.09980773333333334,0.0004552733217868834,,,,,,,,,,,,,,,,,,,,,,,,,,,,,10,0.00044222500073374247,2.1089760678027553e-05,,,,,,,,,,,10,0.0,0.0,,,,,,,,,,,,,10,0.004513108398532495,6.19776289127658e-05,,,,,,,,,,,,,,,,,,,,,,,,,,,,,10,1.0,0.0,,,,10,557.2,37.29700613543487,10,0.18962926250169404,0.01299793180088532,10,0.1929772417031927,0.01300278015588561,,,,,,,,,,,,,,,,,,,,,,,10,0.0029057542007649316,3.08085387186827e-05,0.023386739071925643,,,10,0.0,0.0,10,-0.9409644283932433,0.20251374475856918
infeasible,mixed_sign_stress,sparse,500,750,0.5,250,10,0,0,10,0,0,0,0,9,0,1,0,0,0,0,0,0,0,0,10,0.4997096000000001,0.0008605247437278603,,,,,,,,,,,,,,,,,,,,,,,,,,,,,10,0.0004317791986977682,1.1043009493349538e-05,,,,,,,,,,,10,0.0,0.0,,,,,,,,,,,,,10,0.018896291800047038,0.0003234300970701046,,,,,,,,,,,,,,,,,,,,,,,,,,,,,10,1.0,0.0,,,,10,197.4,19.120669444347392,10,0.08536916689990903,0.00412302205665658,10,0.08631517109970446,0.004137417007746773,,,,,,,,,,,,,,,,,,,,,,,10,0.0005142250010976568,2.9389062989719234e-05,0.21892202215783754,,,10,0.0,0.0,10,-0.8768907088113659,0.2643170769731029
infeasible,mixed_sign_stress,orthogonal,500,750,0.5,250,10,0,0,10,0,0,0,0,8,0,2,0,0,0,0,0,0,0,0,10,0.4997096000000001,0.0008605247437278603,,,,,,,,,,,,,,,,,,,,,,,,,,,,,10,0.00045508340044762006,3.240262354532811e-05,,,,,,,,,,,10,0.0,0.0,,,,,,,,,,,,,10,0.018896291800047038,0.0003234300970701046,,,,,,,,,,,,,,,,,,,,,,,,,,,,,10,1.0,0.0,,,,10,214.3,20.144202364176373,10,0.0995037251013855,0.03418375028694529,10,0.10284957520125318,0.03419670697903089,,,,,,,,,,,,,,,,,,,,,,,10,0.002890766699420055,4.667421201409758e-05,0.18372746569999246,,,10,0.0,0.0,10,-0.8768907088113659,0.2643170769731029
